{"cameraMode":{"drawMode":0,"name":"Shaded","section":"Shading Mode"},"sceneLighting":false,"audioPlay":false,"sceneViewState":{"showFog":true,"showMaterialUpdate":false,"showSkybox":true,"showFlares":true,"showImageEffects":true,"showParticleSystems":true},"in2DMode":false,"pivot":{"x":-0.3492431640625,"y":2.616335868835449,"z":211.729736328125},"rotation":{"x":-0.05178055912256241,"y":-0.4723680913448334,"z":0.027812371030449868,"w":-0.8794394135475159},"size":8.523550033569336,"orthographic":false}