{"cameraMode":{"drawMode":0,"name":"Shaded","section":"Shading Mode"},"sceneLighting":true,"audioPlay":false,"sceneViewState":{"showFog":true,"showMaterialUpdate":false,"showSkybox":true,"showFlares":true,"showImageEffects":true,"showParticleSystems":true},"in2DMode":false,"pivot":{"x":184.92039489746095,"y":0.032025665044784549,"z":159.5296173095703},"rotation":{"x":-0.008642559871077538,"y":0.7429669499397278,"z":-0.009597555734217167,"w":-0.669203519821167},"size":9.244263648986817,"orthographic":false}