{"cameraMode":{"drawMode":0,"name":"Shaded","section":"Shading Mode"},"sceneLighting":true,"audioPlay":false,"sceneViewState":{"showFog":true,"showMaterialUpdate":false,"showSkybox":true,"showFlares":true,"showImageEffects":true,"showParticleSystems":true},"in2DMode":false,"pivot":{"x":1230.197509765625,"y":-101.09535217285156,"z":362.680419921875},"rotation":{"x":-0.048895213752985,"y":0.006579035893082619,"z":-0.0003232606977690011,"w":-0.998782217502594},"size":1407.7696533203125,"orthographic":false}