{"cameraMode":{"drawMode":0,"name":"Shaded","section":"Shading Mode"},"sceneLighting":true,"audioPlay":false,"sceneViewState":{"showFog":true,"showMaterialUpdate":false,"showSkybox":true,"showFlares":true,"showImageEffects":true,"showParticleSystems":true},"in2DMode":false,"pivot":{"x":189.7899932861328,"y":0.5752424597740173,"z":160.86717224121095},"rotation":{"x":0.5758830308914185,"y":-0.06481446325778961,"z":0.045875824987888339,"w":0.813666582107544},"size":3.445704936981201,"orthographic":false}