{"cameraMode":{"drawMode":0,"name":"Shaded","section":"Shading Mode"},"sceneLighting":false,"audioPlay":false,"sceneViewState":{"showFog":true,"showMaterialUpdate":false,"showSkybox":true,"showFlares":true,"showImageEffects":true,"showParticleSystems":true},"in2DMode":false,"pivot":{"x":-5.315526485443115,"y":0.5244843363761902,"z":254.42694091796876},"rotation":{"x":0.31705763936042788,"y":-0.6351287364959717,"z":0.32127490639686587,"w":0.6267921924591065},"size":1.9893033504486085,"orthographic":false}