{"cameraMode":{"drawMode":0,"name":"Shaded","section":"Shading Mode"},"sceneLighting":false,"audioPlay":false,"sceneViewState":{"showFog":true,"showMaterialUpdate":false,"showSkybox":true,"showFlares":true,"showImageEffects":true,"showParticleSystems":true},"in2DMode":false,"pivot":{"x":-2.384185791015625e-7,"y":0.10000001639127732,"z":-2.384185791015625e-7},"rotation":{"x":0.44534507393836977,"y":0.49450838565826418,"z":-0.3286076486110687,"w":0.6701837778091431},"size":10.055428504943848,"orthographic":false}